{
    "num_samples": 20,
    "average_latency": 29.94236179590225,
    "wer": 0.08258928571428571,
    "cer": 0.03425774877650897
}